id,category
0,0.5374991214949351
1,0.42296148385776156
2,0.5157266991085472
3,0.7325880574337157
4,0.7473912499171824
5,0.4316158154814924
6,0.33406016667889626
7,0.26046453528261515
8,0.6935399318598863
9,0.4669089714895873
10,0.6154434775728502
11,0.35657563973903694
12,0.3059748929052666
13,0.4473007508889385
14,0.47009118126821225
15,0.8198133534500169
16,0.5042779299747486
17,0.4741213280836327
18,0.3333887523112573
19,0.5422238365850595
